Matrix Size,Tile Size,Command,Instructions,Cache Misses,Elapsed Time
4,4,4,atlas,115825,1748,0.004619821
4,4,8,atlas,117378,1851,0.004013095
4,4,32,atlas,126514,1818,0.004278097
4,4,64,atlas,138869,1882,0.000707893
4,4,128,atlas,163281,1900,0.004474950
4,4,256,atlas,212113,1881,0.004501098
4,4,512,atlas,309758,2067,0.004192948
4,4,1024,atlas,505082,2407,0.004763951
4,4,2048,atlas,903951,2797,0.004872785
4,4,4096,atlas,1685216,3946,0.005664363
4,8,4,atlas,118861,1815,0.004366542
4,8,8,atlas,121928,1843,0.004973174
4,8,32,atlas,140216,1916,0.004239855
4,8,64,atlas,164671,1829,0.004434487
4,8,128,atlas,213369,1917,0.004489654
4,8,256,atlas,310758,2113,0.004260189
4,8,512,atlas,505593,2422,0.000773467
4,8,1024,atlas,903416,2913,0.005353751
4,8,2048,atlas,1688032,3948,0.005606826
4,8,4096,atlas,3265689,5912,0.007099130
4,32,4,atlas,137076,1837,0.004463986
4,32,8,atlas,149276,1935,0.004285819
4,32,32,atlas,222172,2054,0.004851323
4,32,64,atlas,319493,2062,0.004277060
4,32,128,atlas,513915,2412,0.004457468
4,32,256,atlas,910955,2958,0.005151638
4,32,512,atlas,1697079,3974,0.005681178
4,32,1024,atlas,3268655,5852,0.006662072
4,32,2048,atlas,6412206,9806,0.008526731
4,32,4096,atlas,12699302,17664,0.013167940
4,64,4,atlas,161477,1976,0.000698466
4,64,8,atlas,185777,1881,0.000698485
4,64,32,atlas,331539,2166,0.004485098
4,64,64,atlas,526008,2477,0.000760690
4,64,128,atlas,922933,2968,0.000882282
4,64,256,atlas,1708546,3870,0.005859235
4,64,512,atlas,3279846,5905,0.006720833
4,64,1024,atlas,6422370,9797,0.007825264
4,64,2048,atlas,12707402,17573,0.008252562
4,64,4096,atlas,25277517,33121,0.021601170
4,128,4,atlas,210049,1910,0.004471672
4,128,8,atlas,258635,2037,0.004332449
4,128,32,atlas,550125,2390,0.004391986
4,128,64,atlas,947093,3019,0.004987230
4,128,128,atlas,1732591,3890,0.005692642
4,128,256,atlas,3303620,5751,0.006755351
4,128,512,atlas,6445632,9789,0.008306119
4,128,1024,atlas,12729660,17586,0.012232398
4,128,2048,atlas,25297711,33259,0.016552626
4,128,4096,atlas,50433803,64623,0.032612415
4,256,4,atlas,307193,2098,0.004830600
4,256,8,atlas,404359,2163,0.004741618
4,256,32,atlas,995496,3021,0.000984246
4,256,64,atlas,1781041,3901,0.003121869
4,256,128,atlas,3351932,5902,0.006574627
4,256,256,atlas,6493688,9999,0.008335692
4,256,512,atlas,12777204,17583,0.010610279
4,256,1024,atlas,25344209,33147,0.021704171
4,256,2048,atlas,50478279,64571,0.033164381
4,256,4096,atlas,100746371,127269,0.051240088
4,512,4,atlas,501497,2211,0.004932526
4,512,8,atlas,695807,2545,0.004489098
4,512,32,atlas,1878065,4148,0.001197710
4,512,64,atlas,3448962,6145,0.001700139
4,512,128,atlas,6590584,9926,0.008460100
4,512,256,atlas,12873821,17889,0.007323261
4,512,512,atlas,25440337,33503,0.013862925
4,512,1024,atlas,50573365,65029,0.031302167
4,512,2048,atlas,100839427,128260,0.051091976
4,512,4096,atlas,201363369,253418,0.084024263
4,1024,4,atlas,890108,2897,0.004497006
4,1024,8,atlas,1286906,3411,0.000999395
4,1024,32,atlas,3643117,6306,0.006858574
4,1024,64,atlas,6784754,10359,0.002718329
4,1024,128,atlas,13067884,18085,0.008436711
4,1024,256,atlas,25634136,33567,0.019410566
4,1024,512,atlas,50766652,65366,0.022172063
4,1024,1024,atlas,101031676,128028,0.043779381
4,1024,2048,atlas,201561719,253903,0.077943027
4,1024,4096,atlas,402613638,505609,0.150411839
4,2048,4,atlas,1683695,4013,0.005489751
4,2048,8,atlas,2469130,4821,0.006531072
4,2048,32,atlas,7181416,10791,0.003211146
4,2048,64,atlas,13464557,18488,0.013242015
4,2048,128,atlas,26030687,34179,0.021022538
4,2048,256,atlas,51162939,65120,0.035152446
4,2048,512,atlas,101427451,128201,0.043440417
4,2048,1024,atlas,201956452,254160,0.084545191
4,2048,2048,atlas,403014537,512050,0.145460386
4,2048,4096,atlas,805122429,1009733,0.283734807
4,4096,4,atlas,3254484,5859,0.006548072
4,4096,8,atlas,4825258,7850,0.007215668
4,4096,32,atlas,14249792,19564,0.013775407
4,4096,64,atlas,26815914,35166,0.021453207
4,4096,128,atlas,51948055,66407,0.035819469
4,4096,256,atlas,102212311,129618,0.046597285
4,4096,512,atlas,202740979,255816,0.086838648
4,4096,1024,atlas,403797119,507188,0.147898899
4,4096,2048,atlas,805909110,1011037,0.274599166
4,4096,4096,atlas,1610131769,2018343,0.543473284
8,4,4,atlas,117378,1786,0.004383579
8,4,8,atlas,118908,1876,0.000675596
8,4,32,atlas,128149,1895,0.004423264
8,4,64,atlas,140511,1863,0.004365579
8,4,128,atlas,165057,1883,0.000698596
8,4,256,atlas,214122,1981,0.000722300
8,4,512,atlas,312317,2076,0.004683970
8,4,1024,atlas,508645,2376,0.004519246
8,4,2048,atlas,901356,2927,0.005198528
8,4,4096,atlas,1686755,3923,0.005832568
8,8,4,atlas,121924,1795,0.001017376
8,8,8,atlas,124964,1897,0.004416690
8,8,32,atlas,143415,1898,0.004609247
8,8,64,atlas,167831,1951,0.000674485
8,8,128,atlas,216655,1865,0.004289708
8,8,256,atlas,314323,2157,0.004314894
8,8,512,atlas,509624,2369,0.000910986
8,8,1024,atlas,908497,2959,0.000933930
8,8,2048,atlas,1689781,3900,0.005731716
8,8,4096,atlas,3260600,5829,0.006575109
8,32,4,atlas,149274,1926,0.004352783
8,32,8,atlas,161501,1896,0.004494320
8,32,32,atlas,234556,2029,0.004662080
8,32,64,atlas,331834,2142,0.004680933
8,32,128,atlas,526386,2316,0.004803989
8,32,256,atlas,923686,2994,0.000972246
8,32,512,atlas,1709230,3881,0.005192658
8,32,1024,atlas,3282925,5891,0.006735110
8,32,2048,atlas,6428517,9877,0.008884084
8,32,4096,atlas,12703352,17593,0.012957735
8,64,4,atlas,185758,1949,0.004419764
8,64,8,atlas,210069,1965,0.000719892
8,64,32,atlas,355994,2127,0.004377357
8,64,64,atlas,550397,2399,0.004654432
8,64,128,atlas,947475,2868,0.005140138
8,64,256,atlas,1733384,3975,0.001224599
8,64,512,atlas,3305160,5949,0.006533739
8,64,1024,atlas,6448707,9869,0.008109950
8,64,2048,atlas,12735784,17620,0.012691882
8,64,4096,atlas,25293638,33409,0.019487011
8,128,4,atlas,258616,1951,0.004275134
8,128,8,atlas,307198,2058,0.004166781
8,128,32,atlas,598847,2481,0.004633228
8,128,64,atlas,995795,2968,0.005560974
8,128,128,atlas,1781685,4024,0.001243062
8,128,256,atlas,3352685,5909,0.006332756
8,128,512,atlas,6495209,9878,0.008373915
8,128,1024,atlas,12780279,17555,0.012617530
8,128,2048,atlas,25350375,33178,0.021073093
8,128,4096,atlas,50474229,64558,0.032449469
8,256,4,atlas,404359,2254,0.004549968
8,256,8,atlas,501525,2353,0.001709787
8,256,32,atlas,1092817,3171,0.004962564
8,256,64,atlas,1878317,4095,0.001278026
8,256,128,atlas,3449340,6134,0.007025445
8,256,256,atlas,6591337,10041,0.008523860
8,256,512,atlas,12875361,17777,0.012794272
8,256,1024,atlas,25443431,33364,0.015268044
8,256,2048,atlas,50571358,64588,0.034341609
8,256,4096,atlas,100835377,127435,0.050983012
8,512,4,atlas,695788,2656,0.004720025
8,512,8,atlas,890132,2932,0.005075342
8,512,32,atlas,2072487,4410,0.005667882
8,512,64,atlas,3643365,6335,0.006649480
8,512,128,atlas,6785136,10178,0.008782547
8,512,256,atlas,13068637,18087,0.013006939
8,512,512,atlas,25635680,33552,0.020423738
8,512,1024,atlas,50769727,64969,0.034531313
8,512,2048,atlas,101029669,127748,0.050796603
8,512,4096,atlas,201557669,253916,0.078802104
8,1024,4,atlas,1286921,3360,0.005485085
8,1024,8,atlas,1683719,3973,0.001784565
8,1024,32,atlas,4040061,6732,0.007370613
8,1024,64,atlas,7181687,10789,0.002909497
8,1024,128,atlas,13464939,18518,0.012540826
8,1024,256,atlas,26031436,34165,0.020690499
8,1024,512,atlas,51164479,65900,0.029559880
8,1024,1024,atlas,101430507,129262,0.043662306
8,1024,2048,atlas,201954434,254246,0.083577815
8,1024,4096,atlas,403010430,507969,0.150855136
8,2048,4,atlas,2469305,4898,0.005457529
8,2048,8,atlas,3254489,5914,0.006337996
8,2048,32,atlas,7966937,11717,0.004828488
8,2048,64,atlas,14250063,19536,0.009226531
8,2048,128,atlas,26816315,35075,0.015955474
8,2048,256,atlas,51948979,66738,0.037266624
8,2048,512,atlas,102212964,129270,0.050298842
8,2048,1024,atlas,202740982,255044,0.084722747
8,2048,2048,atlas,403795821,506697,0.152174976
8,2048,4096,atlas,805907809,1009993,0.239649626
8,4096,4,atlas,4825254,7821,0.007265020
8,4096,8,atlas,6396069,9805,0.008009301
8,4096,32,atlas,15820726,21556,0.013712295
8,4096,64,atlas,28386856,37200,0.023773293
8,4096,128,atlas,53519108,68544,0.036085359
8,4096,256,atlas,103783620,131440,0.046353432
8,4096,512,atlas,204312640,257346,0.081359673
8,4096,1024,atlas,405370682,508935,0.148488382
8,4096,2048,atlas,807486758,1013159,0.276193098
8,4096,4096,atlas,1611702588,2021134,0.579448674
32,4,4,atlas,126495,1849,0.000650799
32,4,8,atlas,128168,1856,0.004087725
32,4,32,atlas,137648,1856,0.000718930
32,4,64,atlas,150381,1861,0.004237689
32,4,128,atlas,175676,1976,0.004508339
32,4,256,atlas,226318,2005,0.004589673
32,4,512,atlas,319393,2067,0.000737041
32,4,1024,atlas,513693,2451,0.000788116
32,4,2048,atlas,910477,2906,0.005041879
32,4,4096,atlas,1695853,3950,0.001192358
32,8,4,atlas,140214,1864,0.000713652
32,8,8,atlas,143382,1880,0.000688281
32,8,32,atlas,162080,1905,0.004559654
32,8,64,atlas,186886,1872,0.004394282
32,8,128,atlas,236478,1994,0.004242856
32,8,256,atlas,335681,2123,0.004751044
32,8,512,atlas,525881,2347,0.001888806
32,8,1024,atlas,922696,2996,0.005143120
32,8,2048,atlas,1708072,3968,0.001157432
32,8,4096,atlas,3278876,5999,0.006566017
32,32,4,atlas,222174,2031,0.004582191
32,32,8,atlas,234556,1985,0.004268004
32,32,32,atlas,307796,2192,0.000713282
32,32,64,atlas,405464,2184,0.004799470
32,32,128,atlas,600784,2535,0.004883600
32,32,256,atlas,999638,3031,0.004989674
32,32,512,atlas,1780922,3962,0.005543770
32,32,1024,atlas,3351738,6054,0.007185297
32,32,2048,atlas,6493219,9901,0.008120709
32,32,4096,atlas,12776238,17602,0.012117619
32,64,4,atlas,331539,2102,0.004371801
32,64,8,atlas,355998,2165,0.000741485
32,64,32,atlas,502081,2317,0.004573506
32,64,64,atlas,696912,2739,0.005220453
32,64,128,atlas,1094739,3218,0.000972190
32,64,256,atlas,1882179,4130,0.005586697
32,64,512,atlas,3448877,6147,0.001710157
32,64,1024,atlas,6590381,9918,0.009218549
32,64,2048,atlas,12873381,17755,0.012788031
32,64,4096,atlas,25439385,33360,0.020608739
32,128,4,atlas,550121,2474,0.004722340
32,128,8,atlas,598843,2441,0.004429616
32,128,32,atlas,890707,2807,0.004988008
32,128,64,atlas,1287992,3357,0.005275028
32,128,128,atlas,2074428,4367,0.006324830
32,128,256,atlas,3647227,6393,0.007503039
32,128,512,atlas,6784658,10122,0.008934992
32,128,1024,atlas,13067662,18215,0.007506948
32,128,2048,atlas,25633677,33601,0.018954564
32,128,4096,atlas,50765677,64873,0.029308156
32,256,4,atlas,995511,3062,0.005243250
32,256,8,atlas,1092813,3046,0.005310380
32,256,32,atlas,1684298,3866,0.005435732
32,256,64,atlas,2470203,4830,0.006056513
32,256,128,atlas,4041960,6863,0.006758906
32,256,256,atlas,7185530,10681,0.008720343
32,256,512,atlas,13464461,18656,0.007049501
32,256,1024,atlas,26030465,34202,0.019239954
32,256,2048,atlas,51162465,65607,0.030629996
32,256,4096,atlas,101426461,129014,0.033768291
32,512,4,atlas,1878259,4147,0.006039736
32,512,8,atlas,2072834,4456,0.005769271
32,512,32,atlas,3255059,6003,0.001662380
32,512,64,atlas,4826487,7859,0.007932987
32,512,128,atlas,7967983,11829,0.010144165
32,512,256,atlas,14250986,19712,0.013810963
32,512,512,atlas,26815837,35157,0.022071117
32,512,1024,atlas,51947837,66487,0.033268177
32,512,2048,atlas,102211837,129530,0.055700870
32,512,4096,atlas,202739833,255243,0.084984063
32,1024,4,atlas,3643098,6343,0.006670591
32,1024,8,atlas,4040057,6775,0.006827740
32,1024,32,atlas,6396608,9727,0.008768472
32,1024,64,atlas,9538624,13467,0.010364611
32,1024,128,atlas,15822652,21609,0.009964424
32,1024,256,atlas,28390703,37076,0.020130366
32,1024,512,atlas,53526795,68509,0.033489234
32,1024,1024,atlas,103782648,131388,0.050405971
32,1024,2048,atlas,204310644,257325,0.082506031
32,1024,4096,atlas,405366636,510815,0.151732398
32,2048,4,atlas,7181420,10683,0.008522952
32,2048,8,atlas,7966933,11755,0.010213369
32,2048,32,atlas,12679589,17550,0.012568437
32,2048,64,atlas,18963124,25487,0.009915886
32,2048,128,atlas,31530148,40954,0.025967120
32,2048,256,atlas,56664203,72414,0.033071435
32,2048,512,atlas,106932295,135501,0.051017475
32,2048,1024,atlas,207452144,261112,0.081617989
32,2048,2048,atlas,408508121,513000,0.161840138
32,2048,4096,atlas,810620120,1016891,0.279929043
32,4096,4,atlas,14249796,19537,0.013385053
32,4096,8,atlas,15820721,21355,0.014797635
32,4096,32,atlas,25245589,32967,0.020824351
32,4096,64,atlas,37812128,48792,0.023743775
32,4096,128,atlas,62945148,80135,0.038489482
32,4096,256,atlas,113211195,142932,0.055018125
32,4096,512,atlas,213743287,269124,0.085033859
32,4096,1024,atlas,414791131,521076,0.154968601
32,4096,2048,atlas,816903115,1028704,0.282199203
32,4096,4096,atlas,1621127092,2047122,0.562805712
64,4,4,atlas,138836,1867,0.004279875
64,4,8,atlas,140482,1867,0.004387913
64,4,32,atlas,150348,1791,0.004570117
64,4,64,atlas,163620,1956,0.004843951
64,4,128,atlas,189938,1967,0.000706356
64,4,256,atlas,242606,2087,0.004456135
64,4,512,atlas,331593,2132,0.000729337
64,4,1024,atlas,525904,2407,0.004694081
64,4,2048,atlas,922692,2932,0.004923674
64,4,4096,atlas,1708068,3987,0.001168506
64,8,4,atlas,164619,1943,0.000710152
64,8,8,atlas,167794,1904,0.004649802
64,8,32,atlas,186882,1952,0.004698821
64,8,64,atlas,212188,1991,0.000677559
64,8,128,atlas,262796,2003,0.004579098
64,8,256,atlas,355875,2211,0.000850727
64,8,512,atlas,550190,2413,0.000804689
64,8,1024,atlas,946978,3027,0.005040619
64,8,2048,atlas,1732350,4019,0.001441952
64,8,4096,atlas,3303162,5919,0.001647750
64,32,4,atlas,319432,2137,0.004547339
64,32,8,atlas,331815,2129,0.004304690
64,32,32,atlas,405464,2161,0.004597765
64,32,64,atlas,503640,2434,0.004871767
64,32,128,atlas,699987,2605,0.005044767
64,32,256,atlas,1092698,3158,0.000979950
64,32,512,atlas,1878134,4181,0.005416788
64,32,1024,atlas,3448867,6046,0.006708591
64,32,2048,atlas,6590386,9899,0.006121348
64,32,4096,atlas,12873386,17880,0.012106027
64,64,4,atlas,526008,2460,0.000773690
64,64,8,atlas,550420,2304,0.004580988
64,64,32,atlas,696916,2670,0.004586450
64,64,64,atlas,892247,2941,0.005348325
64,64,128,atlas,1290343,3422,0.005364103
64,64,256,atlas,2072426,4435,0.001266155
64,64,512,atlas,3643186,6357,0.007349669
64,64,1024,atlas,6784682,10421,0.002700237
64,64,2048,atlas,13067663,18028,0.013177459
64,64,4096,atlas,25633682,33595,0.020981871
64,128,4,atlas,947089,2967,0.004571913
64,128,8,atlas,995810,2920,0.004862600
64,128,32,atlas,1288026,3345,0.005861994
64,128,64,atlas,1685119,3927,0.005999421
64,128,128,atlas,2473263,4880,0.006478034
64,128,256,atlas,4039961,6750,0.007918153
64,128,512,atlas,7181469,10648,0.009544495
64,128,1024,atlas,13464446,18469,0.014095019
64,128,2048,atlas,26030469,34076,0.021830449
64,128,4096,atlas,51162465,65245,0.026909162
64,256,4,atlas,1781056,4068,0.001226710
64,256,8,atlas,1878683,4259,0.006055829
64,256,32,atlas,2470464,4849,0.006235626
64,256,64,atlas,3255884,5798,0.007059001
64,256,128,atlas,4826467,7736,0.007997764
64,256,256,atlas,7966837,11643,0.009800978
64,256,512,atlas,14249822,19542,0.014881227
64,256,1024,atlas,26815841,34989,0.020729425
64,256,2048,atlas,51947818,66314,0.035313614
64,256,4096,atlas,102211818,128957,0.047493882
64,512,4,atlas,3448939,6133,0.002281623
64,512,8,atlas,3643365,6355,0.006561313
64,512,32,atlas,4826455,7728,0.007341780
64,512,64,atlas,6398148,9780,0.008684157
64,512,128,atlas,9541699,13735,0.010527112
64,512,256,atlas,15828780,21420,0.015477823
64,512,512,atlas,28386633,36748,0.022702936
64,512,1024,atlas,53518652,68386,0.035542003
64,512,2048,atlas,103782648,131792,0.052197388
64,512,4096,atlas,204310644,257346,0.078468546
64,1024,4,atlas,6784754,10373,0.002701366
64,1024,8,atlas,7181664,10733,0.008744935
64,1024,32,atlas,9538619,13829,0.003567760
64,1024,64,atlas,12681148,17533,0.012951680
64,1024,128,atlas,18966203,25354,0.015168192
64,1024,256,atlas,31536276,40973,0.025446691
64,1024,512,atlas,56660152,72130,0.037295531
64,1024,1024,atlas,106924152,135258,0.046182393
64,1024,2048,atlas,207452144,261286,0.081477784
64,1024,4096,atlas,408508136,513226,0.146943687
64,2048,4,atlas,13464538,18494,0.013662887
64,2048,8,atlas,14250059,19367,0.013320182
64,2048,32,atlas,18963119,25334,0.015928378
64,2048,64,atlas,25247129,33124,0.021077651
64,2048,128,atlas,37815180,48760,0.029906003
64,2048,256,atlas,62951295,80082,0.038339333
64,2048,512,atlas,113207148,143016,0.056172686
64,2048,1024,atlas,213735148,270542,0.083781118
64,2048,2048,atlas,414791140,520656,0.155279011
64,2048,4096,atlas,816903120,1024818,0.285701290
64,4096,4,atlas,26815937,35062,0.021637228
64,4096,8,atlas,28386847,36977,0.022837661
64,4096,32,atlas,37812119,48858,0.027156429
64,4096,64,atlas,50379152,64799,0.020439109
64,4096,128,atlas,75513184,96123,0.038143479
64,4096,256,atlas,125781276,160335,0.047317184
64,4096,512,atlas,226301129,284827,0.086112816
64,4096,1024,atlas,427357112,536751,0.148525094
64,4096,2048,atlas,829469115,1040612,0.290984630
64,4096,4096,atlas,1633693088,2048052,0.556428859
128,4,4,atlas,163229,1880,0.000698653
128,4,8,atlas,165024,1919,0.004487825
128,4,32,atlas,175658,1953,0.004478899
128,4,64,atlas,189957,1903,0.004808438
128,4,128,atlas,218335,2013,0.000884857
128,4,256,atlas,258742,1923,0.004813067
128,4,512,atlas,355894,2180,0.004688455
128,4,1024,atlas,550190,2472,0.000803968
128,4,2048,atlas,946978,3017,0.004691252
128,4,4096,atlas,1732354,3915,0.005413459
128,8,4,atlas,213336,1951,0.004456602
128,8,8,atlas,216607,2015,0.000705190
128,8,32,atlas,236463,2020,0.000698560
128,8,64,atlas,262815,2020,0.004392565
128,8,128,atlas,307310,2112,0.004672418
128,8,256,atlas,404470,2101,0.004570621
128,8,512,atlas,598766,2442,0.004746122
128,8,1024,atlas,995554,3008,0.005118865
128,8,2048,atlas,1780930,4027,0.005271533
128,8,4096,atlas,3351734,5930,0.006959580
128,32,4,atlas,513854,2374,0.004719659
128,32,8,atlas,526386,2442,0.000862968
128,32,32,atlas,600784,2462,0.004360194
128,32,64,atlas,699987,2606,0.000836487
128,32,128,atlas,890206,2921,0.004668955
128,32,256,atlas,1287002,3475,0.001033821
128,32,512,atlas,2072411,4367,0.001270082
128,32,1024,atlas,3643182,6353,0.006427743
128,32,2048,atlas,6784667,10290,0.002787146
128,32,4096,atlas,13067682,17960,0.012551058
128,64,4,atlas,922929,3005,0.005255606
128,64,8,atlas,947490,3016,0.000958506
128,64,32,atlas,1094735,3254,0.001042618
128,64,64,atlas,1290363,3398,0.005807462
128,64,128,atlas,1683797,3918,0.005611145
128,64,256,atlas,2469222,4785,0.006485021
128,64,512,atlas,4039970,6883,0.002379792
128,64,1024,atlas,7181474,10636,0.008225421
128,64,2048,atlas,13464470,18515,0.013897734
128,64,4096,atlas,26030455,34226,0.021531688
128,128,4,atlas,1732591,3945,0.005199717
128,128,8,atlas,1781743,4075,0.006250131
128,128,32,atlas,2074719,4468,0.001342693
128,128,64,atlas,2473558,4939,0.006768689
128,128,128,atlas,3254586,5899,0.007205581
128,128,256,atlas,4825327,7773,0.007470768
128,128,512,atlas,7966827,11792,0.009474113
128,128,1024,atlas,14249846,19569,0.014728461
128,128,2048,atlas,26815846,35118,0.022673694
128,128,4096,atlas,51947842,66561,0.030688336
128,256,4,atlas,3351932,5924,0.006319075
128,256,8,atlas,3449340,6013,0.006780337
128,256,32,atlas,4041979,6776,0.007200692
128,256,64,atlas,4826458,7780,0.007448435
128,256,128,atlas,6404295,9773,0.009335038
128,256,256,atlas,9537652,13588,0.010932345
128,256,512,atlas,15820656,21342,0.014400958
128,256,1024,atlas,28386656,36931,0.021451483
128,256,2048,atlas,53518656,68491,0.031201393
128,256,4096,atlas,103782648,131234,0.051157033
128,512,4,atlas,6590588,9879,0.008604219
128,512,8,atlas,6785136,10268,0.008711738
128,512,32,atlas,7967955,11701,0.008620311
128,512,64,atlas,9541694,13550,0.010394582
128,512,128,atlas,12687276,17505,0.013296673
128,512,256,atlas,18962152,25311,0.016370951
128,512,512,atlas,31528152,41021,0.023530216
128,512,1024,atlas,56660152,72498,0.031698710
128,512,2048,atlas,106924129,135218,0.052607282
128,512,4096,atlas,207452125,261289,0.078803311
128,1024,4,atlas,13067880,18047,0.013012913
128,1024,8,atlas,13464920,18645,0.007806195
128,1024,32,atlas,15822643,21611,0.006152907
128,1024,64,atlas,18966175,25467,0.016621934
128,1024,128,atlas,25253280,33063,0.020734292
128,1024,256,atlas,37811152,48779,0.024238276
128,1024,512,atlas,62943152,80598,0.039262590
128,1024,1024,atlas,113207129,143417,0.047997698
128,1024,2048,atlas,213735125,270094,0.084592289
128,1024,4096,atlas,414791117,520758,0.153838336
128,2048,4,atlas,26030683,34322,0.011620033
128,2048,8,atlas,26816296,34982,0.021289406
128,2048,32,atlas,31530143,40874,0.021631501
128,2048,64,atlas,37815194,48731,0.023262955
128,2048,128,atlas,50385295,64394,0.035709067
128,2048,256,atlas,75509152,96041,0.037577912
128,2048,512,atlas,125773148,158804,0.057587161
128,2048,1024,atlas,226301148,286486,0.091019622
128,2048,2048,atlas,427357140,536532,0.160386372
128,2048,4096,atlas,829469124,1040223,0.287885750
128,4096,4,atlas,51948040,67076,0.033538628
128,4096,8,atlas,53519103,68325,0.034588300
128,4096,32,atlas,62945124,80162,0.039352570
128,4096,64,atlas,75513198,96431,0.038294156
128,4096,128,atlas,100649291,127247,0.050176542
128,4096,256,atlas,150905129,190271,0.066086823
128,4096,512,atlas,251433148,316335,0.095600277
128,4096,1024,atlas,452489112,567999,0.160730241
128,4096,2048,atlas,854601115,1072657,0.300543450
128,4096,4096,atlas,1658825084,2079649,0.563272783
256,4,4,atlas,212057,1880,0.004262377
256,4,8,atlas,214108,1987,0.001268304
256,4,32,atlas,226281,2013,0.004538564
256,4,64,atlas,242629,2058,0.000708912
256,4,128,atlas,258742,2012,0.000724875
256,4,256,atlas,307318,2080,0.004578935
256,4,512,atlas,404466,2160,0.004249729
256,4,1024,atlas,598762,2521,0.004539009
256,4,2048,atlas,995554,3034,0.005227272
256,4,4096,atlas,1780926,4116,0.001247248
256,8,4,atlas,310716,2102,0.004760954
256,8,8,atlas,314262,2099,0.004478841
256,8,32,atlas,335681,2163,0.004537342
256,8,64,atlas,355890,2254,0.004886640
256,8,128,atlas,404466,2237,0.004701157
256,8,256,atlas,501618,2330,0.005619811
256,8,512,atlas,695918,2635,0.004444545
256,8,1024,atlas,1092702,3175,0.005244883
256,8,2048,atlas,1878134,4080,0.001520175
256,8,4096,atlas,3448886,6114,0.007512990
256,32,4,atlas,910913,2984,0.004997345
256,32,8,atlas,923720,2906,0.000950302
256,32,32,atlas,999634,2948,0.005154419
256,32,64,atlas,1092713,3141,0.004458508
256,32,128,atlas,1287013,3315,0.005847961
256,32,256,atlas,1683801,3900,0.005894813
256,32,512,atlas,2469218,4900,0.001451879
256,32,1024,atlas,4039951,6795,0.007486822
256,32,2048,atlas,7181470,10813,0.009837669
256,32,4096,atlas,13464470,18489,0.013984676
256,64,4,atlas,1708580,3953,0.001148414
256,64,8,atlas,1733427,3918,0.006040165
256,64,32,atlas,1882474,4196,0.005724311
256,64,64,atlas,2080851,4336,0.006489150
256,64,128,atlas,2469502,4936,0.001869992
256,64,256,atlas,3254571,5916,0.001700732
256,64,512,atlas,4825350,7811,0.007593564
256,64,1024,atlas,7966831,11586,0.009978466
256,64,2048,atlas,14249846,19426,0.013276874
256,64,4096,atlas,26815846,35091,0.022806246
256,128,4,atlas,3303597,5936,0.003004184
256,128,8,atlas,3352708,5990,0.001696158
256,128,32,atlas,3647208,6264,0.006239259
256,128,64,atlas,4039933,6825,0.006442964
256,128,128,atlas,4825322,7829,0.007822953
256,128,256,atlas,6396157,9754,0.008260956
256,128,512,atlas,9537657,13665,0.006619817
256,128,1024,atlas,15820657,21521,0.012660204
256,128,2048,atlas,28386657,37092,0.023483620
256,128,4096,atlas,53518661,68533,0.031929651
256,256,4,atlas,6493688,9802,0.008969793
256,256,8,atlas,6591356,9974,0.008863256
256,256,32,atlas,7185530,10721,0.009059331
256,256,64,atlas,7966813,11788,0.003086851
256,256,128,atlas,9537647,13782,0.004463193
256,256,256,atlas,12679157,17714,0.005788108
256,256,512,atlas,18962161,25240,0.016502708
256,256,1024,atlas,31528161,41005,0.022002574
256,256,2048,atlas,56660157,72128,0.036916440
256,256,4096,atlas,106924138,135377,0.048664619
256,512,4,atlas,12873821,17834,0.012384017
256,512,8,atlas,13068652,17985,0.012810446
256,512,32,atlas,14250958,19427,0.013193966
256,512,64,atlas,15828771,21575,0.008629014
256,512,128,atlas,18962147,25346,0.017186898
256,512,256,atlas,25245156,33133,0.018297348
256,512,512,atlas,37811152,48794,0.027923978
256,512,1024,atlas,62943156,80251,0.032385394
256,512,2048,atlas,113207148,143200,0.049426457
256,512,4096,atlas,213735144,269183,0.083749065
256,1024,4,atlas,25634136,33751,0.021029753
256,1024,8,atlas,26031455,34084,0.021395644
256,1024,32,atlas,28390698,37162,0.015672240
256,1024,64,atlas,31536290,41198,0.018210236
256,1024,128,atlas,37811147,48840,0.020900048
256,1024,256,atlas,50377156,64573,0.035382003
256,1024,512,atlas,75509152,96086,0.039710455
256,1024,1024,atlas,125773148,159423,0.056602942
256,1024,2048,atlas,226301144,284812,0.093791512
256,1024,4096,atlas,427357136,536455,0.144214066
256,2048,4,atlas,51162939,65631,0.029031929
256,2048,8,atlas,51948936,66375,0.034614962
256,2048,32,atlas,56664194,73268,0.035841414
256,2048,64,atlas,62951290,80418,0.035676394
256,2048,128,atlas,75509132,95953,0.043586773
256,2048,256,atlas,100641148,127398,0.046232789
256,2048,512,atlas,150905148,190478,0.064833490
256,2048,1024,atlas,251433125,316354,0.101649297
256,2048,2048,atlas,452489140,567420,0.150378137
256,2048,4096,atlas,854601101,1071971,0.297272883
256,4096,4,atlas,102212292,129382,0.046026102
256,4096,8,atlas,103783615,131608,0.046666494
256,4096,32,atlas,113211190,143205,0.054923190
256,4096,64,atlas,125781286,158924,0.057145036
256,4096,128,atlas,150905143,191279,0.064662266
256,4096,256,atlas,201169144,253490,0.075403921
256,4096,512,atlas,301697140,379139,0.119354417
256,4096,1024,atlas,502753127,631267,0.175449670
256,4096,2048,atlas,904865115,1142184,0.317762868
256,4096,4096,atlas,1709089084,2143533,0.575953407
512,4,4,atlas,309716,2237,0.005254697
512,4,8,atlas,312241,1944,0.005019029
512,4,32,atlas,319359,2078,0.004789565
512,4,64,atlas,331612,2132,0.004351729
512,4,128,atlas,355894,2195,0.003454631
512,4,256,atlas,404466,2239,0.004774491
512,4,512,atlas,501618,2354,0.004941750
512,4,1024,atlas,695918,2529,0.004719435
512,4,2048,atlas,1092702,3209,0.005453754
512,4,4096,atlas,1878134,4211,0.001205748
512,8,4,atlas,505532,2354,0.004618527
512,8,8,atlas,509582,2328,0.000763245
512,8,32,atlas,525900,2420,0.004558527
512,8,64,atlas,550194,2472,0.004770269
512,8,128,atlas,598766,2547,0.004421285
512,8,256,atlas,695914,2642,0.004806342
512,8,512,atlas,890191,2928,0.005134289
512,8,1024,atlas,1286998,3356,0.004902510
512,8,2048,atlas,2072411,4441,0.005621811
512,8,4096,atlas,3643182,6260,0.006892911
512,32,4,atlas,1697050,3825,0.005288364
512,32,8,atlas,1709273,3966,0.005375753
512,32,32,atlas,1780937,4004,0.006562353
512,32,64,atlas,1878418,4021,0.005150215
512,32,128,atlas,2072714,4385,0.001295711
512,32,256,atlas,2469483,4873,0.005973868
512,32,512,atlas,3254571,5848,0.001741528
512,32,1024,atlas,4825346,7974,0.002214346
512,32,2048,atlas,7966846,11711,0.009676741
512,32,4096,atlas,14249846,19537,0.014400232
512,64,4,atlas,3279846,5858,0.006599130
512,64,8,atlas,3305156,5978,0.006500038
512,64,32,atlas,3448849,6131,0.001692324
512,64,64,atlas,3643135,6294,0.002827979
512,64,128,atlas,4039923,6904,0.007100782
512,64,256,atlas,4825318,7825,0.007650322
512,64,512,atlas,6396157,9770,0.008422845
512,64,1024,atlas,9537657,13642,0.010734710
512,64,2048,atlas,15820661,21327,0.015039012
512,64,4096,atlas,28386642,36988,0.022549186
512,128,4,atlas,6445632,9762,0.006615038
512,128,8,atlas,6495228,9771,0.008305900
512,128,32,atlas,6784626,10280,0.008677643
512,128,64,atlas,7181422,10758,0.005171603
512,128,128,atlas,7966818,11667,0.009714334
512,128,256,atlas,9537652,13816,0.004599971
512,128,512,atlas,12679157,17569,0.012979093
512,128,1024,atlas,18962157,25410,0.017342433
512,128,2048,atlas,31528157,40983,0.024437529
512,128,4096,atlas,56660157,72437,0.033434896
512,256,4,atlas,12777208,17763,0.007289357
512,256,8,atlas,12875365,17723,0.012822777
512,256,32,atlas,13464414,18504,0.012673555
512,256,64,atlas,14249813,19677,0.007043411
512,256,128,atlas,15820628,21651,0.006397870
512,256,256,atlas,18962152,25245,0.016906524
512,256,512,atlas,25245157,33369,0.008526123
512,256,1024,atlas,37811157,48839,0.028632072
512,256,2048,atlas,62943138,80177,0.034905516
512,256,4096,atlas,113207134,143117,0.055610708
512,512,4,atlas,25440356,33368,0.020694730
512,512,8,atlas,25635657,33742,0.020166486
512,512,32,atlas,26815813,34903,0.021936663
512,512,64,atlas,28386651,37027,0.022681223
512,512,128,atlas,31528147,40807,0.024925088
512,512,256,atlas,37811147,48929,0.030155710
512,512,512,atlas,50377157,64571,0.031664182
512,512,1024,atlas,75509161,95890,0.038359812
512,512,2048,atlas,125773153,158805,0.056982920
512,512,4096,atlas,226301153,286139,0.085847900
512,1024,4,atlas,50766637,64988,0.031025771
512,1024,8,atlas,51164483,65634,0.032334592
512,1024,32,atlas,53526790,68429,0.033893972
512,1024,64,atlas,56660132,72471,0.032493594
512,1024,128,atlas,62943147,80485,0.031655625
512,1024,256,atlas,75509128,95800,0.044017715
512,1024,512,atlas,100641152,127621,0.044515903
512,1024,1024,atlas,150905148,190405,0.064913891
512,1024,2048,atlas,251433144,316580,0.100444631
512,1024,4096,atlas,452489140,568087,0.167138271
512,2048,4,atlas,101427451,128942,0.051580832
512,2048,8,atlas,102212932,129719,0.042701522
512,2048,32,atlas,106932286,135447,0.046495377
512,2048,64,atlas,113207147,143008,0.055201353
512,2048,128,atlas,125773128,158664,0.059265061
512,2048,256,atlas,150905143,190437,0.053924105
512,2048,512,atlas,201169144,253447,0.084718706
512,2048,1024,atlas,301697144,379397,0.110697151
512,2048,2048,atlas,502753117,630735,0.183891068
512,2048,4096,atlas,904865116,1134806,0.314472962
512,4096,4,atlas,202740951,255429,0.095913566
512,4096,8,atlas,204312635,257254,0.082292617
512,4096,32,atlas,213743263,268734,0.077277701
512,4096,64,atlas,226301139,284652,0.092132803
512,4096,128,atlas,251433139,316393,0.097306666
512,4096,256,atlas,301697135,379394,0.117637430
512,4096,512,atlas,402225136,505046,0.148053011
512,4096,1024,atlas,603281123,757458,0.214075554
512,4096,2048,atlas,1005393107,1260900,0.346649216
512,4096,4096,atlas,1809617084,2269219,0.611195298
1024,4,4,atlas,505036,2426,0.004272450
1024,4,8,atlas,508603,2456,0.004495859
1024,4,32,atlas,513659,2416,0.004341284
1024,4,64,atlas,525904,2385,0.000790412
1024,4,128,atlas,550190,2419,0.004683341
1024,4,256,atlas,598762,2434,0.004506192
1024,4,512,atlas,695914,2617,0.004838380
1024,4,1024,atlas,890210,2964,0.000929468
1024,4,2048,atlas,1286998,3414,0.005386846
1024,4,4096,atlas,2072425,4377,0.005552254
1024,8,4,atlas,903355,2971,0.004920584
1024,8,8,atlas,908440,2923,0.004975084
1024,8,32,atlas,922688,3027,0.005139881
1024,8,64,atlas,946997,2948,0.005143325
1024,8,128,atlas,995550,3044,0.004823213
1024,8,256,atlas,1092717,3235,0.001087507
1024,8,512,atlas,1286994,3427,0.005678588
1024,8,1024,atlas,1683801,3950,0.005573217
1024,8,2048,atlas,2469218,4871,0.006347147
1024,8,4096,atlas,4039946,6927,0.002309791
1024,32,4,atlas,3268638,5850,0.006422666
1024,32,8,atlas,3282902,5941,0.007193430
1024,32,32,atlas,3351706,5895,0.006301647
1024,32,64,atlas,3448862,6166,0.006912799
1024,32,128,atlas,3643158,6214,0.007700525
1024,32,256,atlas,4039946,6822,0.006738409
1024,32,512,atlas,4825299,7756,0.007412876
1024,32,1024,atlas,6396161,9880,0.003597243
1024,32,2048,atlas,9537657,13552,0.009715907
1024,32,4096,atlas,15820652,21423,0.015270457
1024,64,4,atlas,6422374,9834,0.008317918
1024,64,8,atlas,6448711,9866,0.008363048
1024,64,32,atlas,6590353,9881,0.008485029
1024,64,64,atlas,6784654,10147,0.008720587
1024,64,128,atlas,7181442,10879,0.002897868
1024,64,256,atlas,7966803,11608,0.009992001
1024,64,512,atlas,9537637,13586,0.010494541
1024,64,1024,atlas,12679142,17537,0.012360088
1024,64,2048,atlas,18962157,25342,0.015869609
1024,64,4096,atlas,31528152,41307,0.020971896
1024,128,4,atlas,12729637,17578,0.012912277
1024,128,8,atlas,12780279,17639,0.012317032
1024,128,32,atlas,13067630,18106,0.012354774
1024,128,64,atlas,13464441,18479,0.013651280
1024,128,128,atlas,14249818,19721,0.005106900
1024,128,256,atlas,15820633,21407,0.014573564
1024,128,512,atlas,18962152,25402,0.008112194
1024,128,1024,atlas,25245157,33055,0.021137489
1024,128,2048,atlas,37811157,48846,0.026636169
1024,128,4096,atlas,62943152,80283,0.033147502
1024,256,4,atlas,25344232,33342,0.014944492
1024,256,8,atlas,25443416,33400,0.020987415
1024,256,32,atlas,26030437,34026,0.021707882
1024,256,64,atlas,26815813,35060,0.021160286
1024,256,128,atlas,28386632,37012,0.017333858
1024,256,256,atlas,31528133,41113,0.019447203
1024,256,512,atlas,37811133,48793,0.025158846
1024,256,1024,atlas,50377161,64664,0.027928176
1024,256,2048,atlas,75509157,95848,0.044254694
1024,256,4096,atlas,125773148,158849,0.053698451
1024,512,4,atlas,50573380,64796,0.031673493
1024,512,8,atlas,50769727,65292,0.027051356
1024,512,32,atlas,51947813,66454,0.032304923
1024,512,64,atlas,53518647,68661,0.029958762
1024,512,128,atlas,56660147,72300,0.033397151
1024,512,256,atlas,62943147,79999,0.038107344
1024,512,512,atlas,75509152,96147,0.035892091
1024,512,1024,atlas,100641134,127382,0.048217309
1024,512,2048,atlas,150905157,190344,0.067139656
1024,512,4096,atlas,251433125,316355,0.098553463
1024,1024,4,atlas,101031676,128039,0.044573436
1024,1024,8,atlas,101430530,128391,0.053063836
1024,1024,32,atlas,103782643,130951,0.047216655
1024,1024,64,atlas,106924147,135160,0.049673169
1024,1024,128,atlas,113207147,143633,0.044928994
1024,1024,256,atlas,125773128,158763,0.059125870
1024,1024,512,atlas,150905147,190233,0.069752115
1024,1024,1024,atlas,201169149,253126,0.083898176
1024,1024,2048,atlas,301697130,381565,0.115919208
1024,1024,4096,atlas,502753127,631011,0.178928896
1024,2048,4,atlas,201956475,253818,0.075905594
1024,2048,8,atlas,202740935,255374,0.080131876
1024,2048,32,atlas,207452139,261486,0.076691469
1024,2048,64,atlas,213735139,270244,0.082159370
1024,2048,128,atlas,226301139,285276,0.089990340
1024,2048,256,atlas,251433120,316348,0.099200503
1024,2048,512,atlas,301697135,380750,0.111974907
1024,2048,1024,atlas,402225117,505377,0.138101351
1024,2048,2048,atlas,603281113,757029,0.214096796
1024,2048,4096,atlas,1005393107,1260839,0.343992637
1024,4096,4,atlas,403797119,507037,0.151638334
1024,4096,8,atlas,405370678,508898,0.148351352
1024,4096,32,atlas,414791131,521145,0.169889380
1024,4096,64,atlas,427357112,539616,0.141138792
1024,4096,128,atlas,452489131,568052,0.164327793
1024,4096,256,atlas,502753127,635448,0.177811739
1024,4096,512,atlas,603281123,756893,0.216536216
1024,4096,1024,atlas,804337119,1009801,0.282019731
1024,4096,2048,atlas,1206449099,1512868,0.416881247
1024,4096,4096,atlas,2010673062,2537925,0.677859805
2048,4,4,atlas,903894,2826,0.005168992
2048,4,8,atlas,901360,2951,0.004476173
2048,4,32,atlas,910443,2879,0.005318844
2048,4,64,atlas,922707,2879,0.002171142
2048,4,128,atlas,946993,2890,0.005210400
2048,4,256,atlas,995569,3021,0.005028213
2048,4,512,atlas,1092717,3224,0.001085858
2048,4,1024,atlas,1287017,3521,0.005547198
2048,4,2048,atlas,1683777,3967,0.005328900
2048,4,4096,atlas,2469194,4841,0.005888459
2048,8,4,atlas,1687984,3937,0.005689569
2048,8,8,atlas,1689766,3975,0.005695643
2048,8,32,atlas,1708083,3930,0.005529883
2048,8,64,atlas,1732346,3997,0.005443771
2048,8,128,atlas,1780941,4049,0.001282174
2048,8,256,atlas,1878414,4138,0.006496185
2048,8,512,atlas,2072714,4324,0.006249942
2048,8,1024,atlas,2469479,4886,0.005984959
2048,8,2048,atlas,3254566,5775,0.005942496
2048,8,4096,atlas,4825341,7715,0.008296176
2048,32,4,atlas,6412208,9730,0.008547196
2048,32,8,atlas,6428521,9733,0.008462881
2048,32,32,atlas,6493191,9873,0.008747956
2048,32,64,atlas,6590339,10005,0.008413899
2048,32,128,atlas,6784654,10210,0.008722530
2048,32,256,atlas,7181423,10693,0.009222070
2048,32,512,atlas,7966818,11651,0.009367367
2048,32,1024,atlas,9537652,13632,0.010984820
2048,32,2048,atlas,12679152,17742,0.004867305
2048,32,4096,atlas,18962152,25396,0.016721723
2048,64,4,atlas,12707421,17696,0.013177685
2048,64,8,atlas,12735803,17625,0.012906683
2048,64,32,atlas,12873353,17656,0.013229629
2048,64,64,atlas,13067654,17885,0.011971492
2048,64,128,atlas,13464442,18496,0.012934813
2048,64,256,atlas,14249799,19523,0.013841763
2048,64,512,atlas,15820633,21425,0.010238854
2048,64,1024,atlas,18962152,25319,0.016226183
2048,64,2048,atlas,25245152,33153,0.018574919
2048,64,4096,atlas,37811156,48865,0.021868048
2048,128,4,atlas,25297707,33349,0.016866002
2048,128,8,atlas,25350379,33092,0.021262266
2048,128,32,atlas,25633649,33609,0.016480055
2048,128,64,atlas,26030418,34143,0.015668051
2048,128,128,atlas,26815818,34949,0.021580324
2048,128,256,atlas,28386652,36926,0.023114389
2048,128,512,atlas,31528152,41057,0.017295004
2048,128,1024,atlas,37811152,48915,0.028360473
2048,128,2048,atlas,50377156,64466,0.031564491
2048,128,4096,atlas,75509156,95903,0.037425283
2048,256,4,atlas,50478260,64678,0.030945283
2048,256,8,atlas,50571349,64803,0.031846677
2048,256,32,atlas,51162437,65781,0.024091024
2048,256,64,atlas,51947809,66676,0.027925397
2048,256,128,atlas,53518647,68281,0.037597377
2048,256,256,atlas,56660152,72382,0.037114115
2048,256,512,atlas,62943152,80246,0.033625391
2048,256,1024,atlas,75509133,95956,0.041841104
2048,256,2048,atlas,100641129,127324,0.052147216
2048,256,4096,atlas,150905152,190617,0.064223876
2048,512,4,atlas,100839427,127430,0.051670288
2048,512,8,atlas,101029641,127872,0.048095379
2048,512,32,atlas,102211794,129391,0.048235547
2048,512,64,atlas,103782643,131609,0.051769029
2048,512,128,atlas,106924143,135011,0.053806652
2048,512,256,atlas,113207147,143858,0.049560091
2048,512,512,atlas,125773129,159197,0.048376084
2048,512,1024,atlas,150905148,190541,0.059802500
2048,512,2048,atlas,201169129,253372,0.084221488
2048,512,4096,atlas,301697121,379833,0.114579212
2048,1024,4,atlas,201561700,254024,0.078585808
2048,1024,8,atlas,201954425,254305,0.082893702
2048,1024,32,atlas,204310639,257278,0.082272420
2048,1024,64,atlas,207452139,260989,0.076898354
2048,1024,128,atlas,213735139,270481,0.078767994
2048,1024,256,atlas,226301139,284594,0.091870566
2048,1024,512,atlas,251433139,316372,0.096968706
2048,1024,1024,atlas,301697140,379130,0.113767725
2048,1024,2048,atlas,402225136,506351,0.131992790
2048,1024,4096,atlas,603281123,757043,0.213518188
2048,2048,4,atlas,403014541,505994,0.150292411
2048,2048,8,atlas,403795825,507811,0.148458345
2048,2048,32,atlas,408508136,513174,0.148485659
2048,2048,64,atlas,414791117,520749,0.148249880
2048,2048,128,atlas,427357117,536509,0.155864163
2048,2048,256,atlas,452489136,569906,0.163968486
2048,2048,512,atlas,502753136,631128,0.179383590
2048,2048,1024,atlas,603281128,757320,0.213795559
2048,2048,2048,atlas,804337114,1008903,0.280089149
2048,2048,4096,atlas,1206449098,1513217,0.408917606
2048,4096,4,atlas,805909106,1016466,0.280960376
2048,4096,8,atlas,807486758,1012648,0.285765662
2048,4096,32,atlas,816903096,1024603,0.283801744
2048,4096,64,atlas,829469115,1041241,0.299298292
2048,4096,128,atlas,854601115,1072730,0.295671698
2048,4096,256,atlas,904865096,1134978,0.315640624
2048,4096,512,atlas,1005393107,1260901,0.346178793
2048,4096,1024,atlas,1206449099,1512631,0.414746321
2048,4096,2048,atlas,1608561082,2017571,0.560425575
2048,4096,4096,atlas,2412785027,3024836,0.799869403
4096,4,4,atlas,1685216,3833,0.005663050
4096,4,8,atlas,1686740,3920,0.005550512
4096,4,32,atlas,1695838,3878,0.005961199
4096,4,64,atlas,1708083,4004,0.005135565
4096,4,128,atlas,1732365,3935,0.005612327
4096,4,256,atlas,1780945,4010,0.005692327
4096,4,512,atlas,1878414,4141,0.005797106
4096,4,1024,atlas,2072705,4350,0.005755458
4096,4,2048,atlas,2469497,4900,0.006634593
4096,4,4096,atlas,3254585,5938,0.001780843
4096,8,4,atlas,3265702,5854,0.007054428
4096,8,8,atlas,3260575,5869,0.006541092
4096,8,32,atlas,3278852,5746,0.006628259
4096,8,64,atlas,3303138,5838,0.006298905
4096,8,128,atlas,3351710,5988,0.006799631
4096,8,256,atlas,3448839,6115,0.006632333
4096,8,512,atlas,3643154,6323,0.006802205
4096,8,1024,atlas,4039918,6744,0.007448374
4096,8,2048,atlas,4825317,7722,0.007730098
4096,8,4096,atlas,6396156,9811,0.005374771
4096,32,4,atlas,12699300,17693,0.006212090
4096,32,8,atlas,12703347,17691,0.012744441
4096,32,32,atlas,12776187,17513,0.011495508
4096,32,64,atlas,12873358,17709,0.013336870
4096,32,128,atlas,13067658,18023,0.012605588
4096,32,256,atlas,13464427,18600,0.007201077
4096,32,512,atlas,14249822,19547,0.013979540
4096,32,1024,atlas,15820647,21375,0.014704563
4096,32,2048,atlas,18962147,25537,0.010967709
4096,32,4096,atlas,25245152,33179,0.015815681
4096,64,4,atlas,25277517,33239,0.020154982
4096,64,8,atlas,25293629,33238,0.020824448
4096,64,32,atlas,25439334,33257,0.020157853
4096,64,64,atlas,25633654,33670,0.016055015
4096,64,128,atlas,26030442,34211,0.021471341
4096,64,256,atlas,26815799,35118,0.017744431
4096,64,512,atlas,28386652,37135,0.019311329
4096,64,1024,atlas,31528147,40929,0.023662538
4096,64,2048,atlas,37811128,49151,0.024513821
4096,64,4096,atlas,50377156,64581,0.029727609
4096,128,4,atlas,50433799,64745,0.027597301
4096,128,8,atlas,50474205,64557,0.034557025
4096,128,32,atlas,50765649,64806,0.035305195
4096,128,64,atlas,51162422,65405,0.032322179
4096,128,128,atlas,51947814,66384,0.034172115
4096,128,256,atlas,53518656,68290,0.036023348
4096,128,512,atlas,56660133,72629,0.030713485
4096,128,1024,atlas,62943147,80163,0.038604010
4096,128,2048,atlas,75509147,95647,0.042609235
4096,128,4096,atlas,100641148,127194,0.051485451
4096,256,4,atlas,100746371,127579,0.047746782
4096,256,8,atlas,100835334,127858,0.042460790
4096,256,32,atlas,101426433,128835,0.055767123
4096,256,64,atlas,102211813,129160,0.050980819
4096,256,128,atlas,103782628,131131,0.052625031
4096,256,256,atlas,106924152,135543,0.041794712
4096,256,512,atlas,113207148,143074,0.043932817
4096,256,1024,atlas,125773143,158932,0.051207839
4096,256,2048,atlas,150905143,190149,0.067262557
4096,256,4096,atlas,201169129,253188,0.084312317
4096,512,4,atlas,201363341,253715,0.081447858
4096,512,8,atlas,201557645,253668,0.084640412
4096,512,32,atlas,202739805,255260,0.081780637
4096,512,64,atlas,204310620,257308,0.077885985
4096,512,128,atlas,207452139,261120,0.080042664
4096,512,256,atlas,213735139,270011,0.088883528
4096,512,512,atlas,226301148,284744,0.092499121
4096,512,1024,atlas,251433120,316246,0.095982789
4096,512,2048,atlas,301697135,379383,0.112008526
4096,512,4096,atlas,402225140,505048,0.151171205
4096,1024,4,atlas,402613638,505218,0.149953124
4096,1024,8,atlas,403010449,505681,0.150345718
4096,1024,32,atlas,405366636,509328,0.143234346
4096,1024,64,atlas,408508136,512911,0.150909629
4096,1024,128,atlas,414791136,520688,0.155617062
4096,1024,256,atlas,427357140,536365,0.159790567
4096,1024,512,atlas,452489117,568178,0.163110789
4096,1024,1024,atlas,502753131,630978,0.204097386
4096,1024,2048,atlas,603281123,759324,0.211004145
4096,1024,4096,atlas,804337110,1009154,0.279134633
4096,2048,4,atlas,805122410,1010032,0.281662887
4096,2048,8,atlas,805907813,1010958,0.285442167
4096,2048,32,atlas,810620124,1017049,0.277886088
4096,2048,64,atlas,816903120,1024908,0.279696469
4096,2048,128,atlas,829469124,1040580,0.286023633
4096,2048,256,atlas,854601124,1072726,0.298475886
4096,2048,512,atlas,904865116,1135784,0.314851532
4096,2048,1024,atlas,1005393107,1260834,0.342438907
4096,2048,2048,atlas,1206449079,1512828,0.415163159
4096,2048,4096,atlas,1608561059,2016908,0.539695567
4096,4096,4,atlas,1610131773,2018986,0.546416585
4096,4096,8,atlas,1611702588,2020814,0.541068501
4096,4096,32,atlas,1621127088,2031886,0.561536613
4096,4096,64,atlas,1633693088,2047165,0.522990456
4096,4096,128,atlas,1658825065,2078380,0.516200622
4096,4096,256,atlas,1709089069,2142614,0.580238197
4096,4096,512,atlas,1809617080,2287377,0.610753976
4096,4096,1024,atlas,2010673047,2520717,0.679764060
4096,4096,2048,atlas,2412785027,3036551,0.805988569
4096,4096,4096,atlas,3217008991,4033401,1.069599909
